<?xml version="1.0" encoding="UTF-8"?>
<!DOCTYPE mapper PUBLIC "-//mybatis.org//DTD Mapper 3.0//EN" "http://mybatis.org/dtd/mybatis-3-mapper.dtd">

<mapper namespace="org.scut.dao.parentDao.IParentDao">

	<select id="verificateTelnumber" resultType="String" parameterType="String">
		SELECT phone FROM parent WHERE phone = #{telnumber}
	</select>
	
	<insert id="inputParent" timeout="10">
		insert into parent (parent_id, phone, password, nickname, birthday, create_time, token, pic_path, sex)
		values (#{id},#{phone},#{password},#{nickname},#{birthday,javaType=Date,jdbcType=DATE},#{createTime},#{token},#{pic_path},#{sex})
	</insert>
	
	<select id="queryIdAndPwdAndToken" parameterType="String" resultType="HashMap">
		SELECT parent_id, password , token FROM parent WHERE phone = #{telnumber}
	
	</select>
	
	<update id="updateToken">
		update parent set
			token = #{token}
		where parent_id = #{id}
	</update>
	
	<resultMap type="HashMap" id="PwdAndTokenMap">
		<id column="phone" property="phone" jdbcType="VARCHAR"/>
		<result column="password" property="password" jdbcType="VARCHAR"/>
		<result column="token" property="token" jdbcType="VARCHAR"/>
	</resultMap>
	
</mapper>