<?xml version="1.0" encoding="UTF-8"?>
<!DOCTYPE mapper PUBLIC "-//mybatis.org//DTD Mapper 3.0//EN" "http://mybatis.org/dtd/mybatis-3-mapper.dtd">

<mapper namespace="org.scut.dao.studentDao.IStudentDao">
	<select id="verificateTelnumber" resultType="String" parameterType="String">
		SELECT phone FROM student WHERE phone = #{telnumber}
	</select>
	
	<insert id="inputStudent" timeout="10">
		insert into student (student_id, phone, password, create_time, pic_path, nickname, birthday, sex, school, token)
		values (#{id},#{phone},#{password},#{createTime},#{pic_path},#{nickname},#{birthday,javaType=Date,jdbcType=DATE},#{sex},#{school},#{token})
	</insert>
	
	<select id="queryIdAndPwdAndToken" parameterType="String" resultType="HashMap">
		SELECT student_id, password , token FROM student WHERE phone = #{telnumber}
	
	</select>
	
	<update id="updateToken">
		update student set
			token = #{token}
		where student_id = #{id}
	</update>
</mapper>